{"cameraMode":{"drawMode":0,"name":"Shaded","section":"Shading Mode"},"sceneLighting":true,"audioPlay":false,"sceneViewState":{"showFog":true,"showMaterialUpdate":false,"showSkybox":true,"showFlares":true,"showImageEffects":true,"showParticleSystems":true},"in2DMode":false,"pivot":{"x":-0.5838953256607056,"y":-0.8687949180603027,"z":-0.2835797965526581},"rotation":{"x":-0.49259278178215029,"y":-0.5072733163833618,"z":0.49020734429359438,"w":-0.5097059011459351},"size":8.989011764526368,"orthographic":false}