{"cameraMode":{"drawMode":0,"name":"Shaded","section":"Shading Mode"},"sceneLighting":true,"audioPlay":false,"sceneViewState":{"showFog":false,"showMaterialUpdate":false,"showSkybox":false,"showFlares":false,"showImageEffects":false,"showParticleSystems":false},"in2DMode":false,"pivot":{"x":-1.7934141159057618,"y":-5.402555465698242,"z":2.7033138275146486},"rotation":{"x":0.413118839263916,"y":0.1795046329498291,"z":-0.08332230150699616,"w":0.8889666199684143},"size":20.41638946533203,"orthographic":false}